MEP,Twitter,Political group,Nationality
ADAKTUSSON Lars ,@Ladaktusson,EPP,Sweden
ADINOLFI Isabella ,@Isa_Adinolfi,EFDD,Italy
AFFRONTE Marco ,@marcoaffronte,EFDD,Italy
AGEA Laura  ,,EFDD,Italy
AGNEW John Stuart  ,,EFDD,UK
AGUILERA GARCÍA Clara Eugenia ,@ClaraAguilera7,S&D,Spain
AIUTO Daniela ,@DanielaAiuto,EFDD,Italy
AKER Tim ,@Tim_Aker,EFDD,UK
ALBIOL GUZMÁN Marina ,@MarinaAlbiol,GUE,Spain
ALBRECHT Jan Philipp ,@JanAlbrecht,Greens,Germany
ALI Nedzhmi  ,,ALDE,Bulgaria
ALIOT Louis ,@louis_aliot,NI (Front National),France
ALLIOT MARIE Michèle,@MAlliotMarie,EPP,France
ANDERSON Lucy ,@LucyAndersonMEP,S&D,UK
ANDERSON Martina ,@MEPStandingUp4U,GUE,UK
ANDERSSON Max ,@MaxAndersson,Greens,Sweden
ANDRIEU Eric ,@ANDRIEU11,S&D,France
ANDROULAKIS Nikos ,@androulakisnick,S&D,Greece
ANNEMANS Gerolf ,@gannemans,NI (Vlaams Belang),Belgium
ANSIP Andrus ,@Ansip_EU,ALDE,Estonia
ARENA Maria  ,@Mariearenaps,S&D,Belgium
ARIMONT Pascal  ,@PASCALARIMONT,EPP,Belgium
ARNAUTU Marie Christine ,@MCArnautu,NI (Front National),France
ARNOTT Jonathan ,@JonathanArnott,EFDD,UK
ARTHUIS Jean ,@JeanArthuis,ALDE,France
ASHWORTH Richard ,@RichardAshMEP,ECR,UK
ASSIS Francisco  ,,S&D,Portugal
ATKINSON Janice ,@JaniceUKIP,EFDD,UK
AUŠTREVIČIUS Petras ,@petras_petras,ALDE,Lithuania
AUKEN Margrete ,@MargreteAuken,Greens,Denmark
AYALA SENDER Inés,@IAyalaSender,S&D,Spain
AYUSO Pilar  ,@ayuso_pilar,EPP,Spain
BAALEN Johannes Cornelis van ,@hans_van_baalen,ALDE,Netherlands
BACH Georges  ,,EPP,Luxembourg
BÖGE Reimer,@reimerboege,EPP,Germany
BALČYTIS Zigmantas ,@balcytis,S&D,Lithuania
BALAS Guillaume ,@BalasGuillaume,S&D,France
BALCZÓ Zoltán,,NI (Jobbik Magyarorszagert Mozgalom),Hungary
BALZ Burkhard ,@buba0769,EPP,Germany
BÜTIKOFER Reinhard ,@bueti,Greens,Germany
BAREKOV Nikolay  ,,ECR,Bulgaria
BASHIR Amjad ,@AmjadBashirMEP,EFDD,UK
BATTEN Gerard ,@GerardBattenMEP,EFDD,UK
BAY Nicolas ,@nicolasbayfn,NI (Front National),France
BAYET Hugues  ,@HuguesBayet,S&D,Belgium
BEARDER Catherine ,@catherinemep,ALDE,UK
BECERRA BASTERRECHEA Beatriz ,@beatrizbeccerab,ALDE,Spain
BECKER Heinz K.  ,,EPP,Austria
BEGHIN Tiziana ,@beghin_t,EFDD,Italy
BELDER Bas @,EurofractieSGP,ECR,Netherlands
BELET Ivo ,@IvoBelet,EPP,Belgium
BENDTSEN Bendt ,@BendtEU,EPP,Denmark
BENIFEI Brando Maria ,@brandobenifei,S&D,Italy
BERÈS Pervenche ,@PervencheBeres,S&D,France
BERGERON Joëlle,,EFDD,France
BETTINI Goffredo Maria ,@GoffredoBettini,S&D,Italy
BILBAO BARANDICA Izaskun ,@IzaskunBilbaoB,ALDE,Spain
BILDE Dominique  ,,NI (Front National),France
BIZZOTTO Mara  ,,NI (Lega Nord),Italy
BJÖRK Malin ,@MalinBjork_EU,GUE,Sweden
BLANCO LÓPEZ  José,,S&D,Spain
BLINKEVIČIŪTĖ Vilija  ,,S&D,Lithuania
BOȘTINARU Victor  ,,S&D,Romania
BOCSKOR Andrea  ,,EPP,Hungary
BOGOVIČ Franc ,@FrancBogovicMEP,EPP,Slovenia
BONAFÈ Simona ,@simonabonafe,S&D,Italy
BONI Michał,@MichalBoni,EPP,Poland
BORGHEZIO Mario ,@BorrogohezioM,NI (Lega Nord),Italy
BORRELLI David  ,,EFDD,Italy
BORZAN Biljana ,@BiljanaBorzan,S&D,Croatia
BOURS Louise  ,,EFDD,UK
BOUTONNET Marie Christine  ,,NI (Front National),France
BOVÉ José,@josebove,Greens,France
BOYLAN Lynn ,@LNBDublin,GUE,Ireland
BRADBOURN Philip  ,,ECR,UK
BRANNEN Paul ,@PaulBrannenNE,S&D,UK
BRESSO Mercedes ,@mercedesbresso,S&D,Italy
BRIANO Renata ,@Renata_Briano,S&D,Italy
BRIOIS Steeve ,@SteeveBriois,NI (Front National),France
BROK Elmar  ,@ElmarBrok_MEP,EPP,Germany
BUȘOI Cristian Silviu  ,,EPP,Romania
BUCHNER Klaus ,@Dr_KlausBuchner,Greens,Germany
BUDA Daniel  ,@DanielBudaRo,EPP,Romania
BULLMANN Udo ,@UdoBullmann,S&D,Germany
BUONANNO Gianluca ,@BuonannoG,NI (Lega Nord),Italy
BUZEK Jerzy ,@JerzyBuzek,EPP,Poland
CABEZÓN RUIZ Soledad ,@SoledadCabezon,S&D,Spain
CADEC Alain ,@AlainCadec,EPP,France
CAMP Wim van de ,@WimvandeCamp,EPP,Netherlands
CAMPBELL BANNERMAN David ,@DCBMEP,ECR,UK
CAPUTO Nicola ,@NicolaCaputo,S&D,Italy
CARTHY Matt ,@mattcarthy,GUE,Ireland
CARVER James ,@JamesJimCarver,EFDD,UK
CASA David ,@DavidCasaMEP,EPP,Malta
CASPARY Daniel ,@caspary,EPP,Germany
CASTALDO Fabio Massimo  ,,EFDD,Italy
CASTILLO VERA Pilar del ,@delcastillop,EPP,Spain
CAVADA Jean Marie ,@JeanMarieCAVADA,ALDE,France
CEBALLOS Bodil ,@BodilCeballos,Greens ,Sweden
CESA Lorenzo ,@L_Cesa,EPP,Italy
CHARANZOVÁ Dita  ,,ALDE,Czech Republic
CHAUPRADE Aymeric ,@a_chauprade,NI (Front National),France
CHILDERS Nessa ,@NChildersMEP,S&D,Ireland
CHINNICI Caterina ,@CaterinaChinnic,S&D,Italy
CHRISTENSEN Ole ,@OleEU,S&D,Denmark
CHRYSOGONOS Kostas  ,,GUE,Greece
CICU Salvatore ,@SalvoCicu,EPP,Italy
CIRIO Alberto ,@Alberto_Cirio,EPP,Italy
CLUNE Deirdre ,@DeirdreCluneFG,EPP,Ireland
COBURN David ,@DavidCoburnUKip,EFDD,UK
COELHO Carlos ,@CarlosCoelhoPE,EPP,Portugal
COFFERATI Sergio Gaetano ,@Cofferati,S&D,Italy
COLLIN LANGEN Birgit  ,,EPP,Germany
COLLINS Jane ,@Jane4ukip,EFDD,UK
COMI Lara ,@comilara,EPP,Italy
COMODINI CACHIA Therese ,@ComodiniCachia,EPP,Malta
CORAZZA BILDT Anna Maria ,@AnnaMariaCB,EPP,Sweden
CORBETT Richard ,@richardcorbett,S&D,UK
CORRAO Ignazio,,EFDD,Italy
COSTA Silvia  ,,S&D,Italy
COUSO PERMUY Javier ,@Caninator,GUE,Spain
COZZOLINO Andrea ,@ACozzolino,S&D,Italy
CRAMER Michael  ,,Greens,Germany
CRISTEA Andi Lucian  ,,S&D,Romania
CROWLEY Brian  ,,ECR,Ireland
CSÁKY Pál,@csakypal,EPP,Slovakia
CZARNECKI Ryszard ,@r_czarnecki,ECR,Poland
DĂNCILĂ Viorica  ,,S&D,Romania
DÍAZ DE MERA GARCÍA CONSUEGRA Agustin  ,,EPP,Spain
DALEN Peter van ,@petervdalen,ECR,Netherlands
DALLI Miriam ,@Miriamdalli,S&D,Malta
D'AMATO Rosa ,@RosaD_Amato,EFDD,Italy
DANCE Seb ,@SebDance,S&D,UK
DANJEAN Arnaud ,@ArnaudDanjean,EPP,France
DANTI Nicola ,@DantiNicola,S&D,Italy
DANTIN Michel ,@MichelDANTIN,EPP,France
DARTMOUTH William The Earl of  ,,EFDD,UK
DATI Rachida ,@datirachida,EPP,France
DE BACKER Philippe ,@debackerphil,ALDE,Belgium
DE CASTRO Paolo ,@paolodecastro,S&D,Italy
DE MASI Fabio  ,,GUE,Germany
DE MONTE Isabella ,@IsabellaDeMonte,S&D,Italy
DE SARNEZ Marielle ,@desarnez,ALDE,France
DELAHAYE Angélique,@Delahaye_Europe,EPP,France
DELI Andor  ,,EPP,Hungary
DELLI Karima ,@KarimaDelli,Greens,France
DELVAUX STEHRES Mady  ,,S&D,Luxembourg
DEMESMAEKER Mark ,@markdemesmaeker,ECR,Belgium
DENANOT Jean Paul ,@jpdenanot,S&D,France
DEPREZ Gérard,,ALDE,Belgium
DESS Albert ,@Albert_Dess_MEP,EPP,Germany
DEUTSCH Tamás,@dajcstomi,EPP,Hungary
DEVA Nirj ,@NirjDeva,ECR,UK
DIACONU Mircea  ,,ALDE ,Romania
DLABAJOVÁ Martina ,@Mdlabajova,ALDE,Czech Republic
DODDS Anneliese ,@AnnelieseDodds,S&D,UK
DODDS Diane ,@DianeDoddsMEP,NI (Democratic Unionist Party),UK
DOHRMANN Jørn,,ECR,Denmark
DORFMANN Herbert ,@HerbertDorfmann,EPP,Italy
D'ORNANO Mireille  ,,NI (Front National),France
DRĂGHICI Damian ,@damiandraghici1,S&D,Romania
DUDA Andrzej Sebastian ,@AndrzejDuda,ECR,Poland
DUNCAN Ian ,@IanDuncanMEP,ECR,UK
DURAND Pascal ,@DurandEELV,Greens,France
DZHAMBAZKI Angel  ,,ECR,Bulgaria
ECHENIQUE Pablo ,@pnique,GUE,Spain
ECK Stefan  ,@Stefan_Eck_MEP,GUE,Germany
EHLER Christian  ,,EPP,Germany
EICKHOUT Bas ,@BasEickhout,Greens,Netherlands
ENGEL Frank  ,,EPP,Luxembourg
ENGSTRÖM Linnéa,@LinneaEngstrom,Greens,Sweden
EPITIDEIOS Georgios  ,,NI (Popular Association -Golden Dawn),Greece
ERDŐS Norbert  ,,EPP,Hungary
ERIKSSON Peter  ,,Greens,Sweden
ERNST Cornelia  ,,GUE,Germany
ERTUG Ismail ,@IsmailErtug,S&D,Germany
ESTARÀS FERRAGUT Rosa  ,,EPP,Spain
ETHERIDGE Bill ,@milroy666,EFDD,UK
EVANS Jill ,@JillEvansMEP,Greens,UK
EVI Eleonora ,@EleonoraEvi,EFDD,Italy
FAJON Tanja ,@tfajon,S&D,Slovenia
FARAGE Nigel ,@Nigel_Farage,EFDD,UK
FARIA José Inácio,,ALDE,Portugal
FEDERLEY Fredrick ,@federley,ALDE,Sweden
FERBER Markus ,@MarkusFerber,EPP,Germany
FERNÁNDEZ Jonás,@jonasfernandez,S&D,Spain
FERNANDES José Manuel,@JMFernandesEU,EPP,Portugal
FERRAND Edouard  ,,NI (Front National),France
FERRARA Laura ,@LauraFerraraM5S,EFDD,Italy
FERREIRA Elisa ,@elisaferreira,S&D,Portugal
FERREIRA João,,GUE,Portugal
FINCH Raymond ,@raymondfinch,EFDD,UK
FISAS AYXELÀ Santiago ,@SantiagoFisas,EPP,Spain
FITTO Raffaele ,@RaffaeleFitto,EPP,Italy
FJELLNER Christofer ,@Fjellner,EPP,Sweden
FLAŠÍKOVÁ BEŇOVÁ Monika  ,,S&D,Slovakia
FLANAGAN Luke Ming ,@lukeming,GUE,Ireland
FLECKENSTEIN Knut ,@knufleckenstein,S&D,Germany
FLORENZ Karl Heinz  ,,EPP,Germany
FONTANA Lorenzo ,@Fontana3Lorenzo,NI (Lega Nord),Italy
FORD Vicky ,@vickyford,ECR,UK
FORENZA Eleonora ,,GUE,Italy
FOSTER Jacqueline ,@jfostermep,ECR,UK
FOTYGA Anna Elżbieta,,ECR,Poland
FOUNTOULIS Lampros  ,,NI (Popular Association -Golden Dawn),Greece
FOX Ashley ,@Ashleyfoxmep,ECR,UK
FREUND Eugen ,@EugenAFreund,S&D,Austria
FRUNZULICĂ‚ Doru Claudian  ,,S&D,Romania
GÁL Kinga  ,,EPP,Hungary
GÁLL-PELCZ Ildikó,,EPP,Hungary
GABRIEL Mariya ,@GabrielMariya,EPP,Bulgaria
GAHLER Michael ,@michaelgahler,EPP,Germany
GAMBÚSFrancesc ,@fgambus_ue,EPP,Spain
GARCÍA PÉREZ Iratxe ,@IratxeGarper,S&D,Spain
GARDIAZABAL RUBIAL Eider ,@EGardiazabal,S&D,Spain
GARDINI Elisabetta ,@EGardini,EPP,Italy
GASBARRA Enrico ,@enricogasbarra,S&D,Italy
GEBHARDT Evelyne  ,,S&D,Germany
GEIER Jens ,@EuropaJens,S&D,Germany
GENTILE Elena ,@elena_gentile,S&D,Italy
GERBRANDY Gerben Jan ,@Gerbrandy,ALDE,Netherlands
GERICKE Arne  ,,ECR,Germany
GERINGER de OEDENBERG Lidia Joanna ,@lidiageringer,S&D,Poland
GIEGOLD Sven ,@sven_giegold,Greens,Germany
GIEREK Adam ,@AdamGierek,S&D,Poland
GIESEKE Jens  ,,EPP,Germany
GILL Nathan ,@NathanGillMEP,EFDD,UK
GILL Neena ,@neenaformep,S&D,UK
GIRAUTA VIDAL Juan Carlos ,@GirautaOficial,ALDE,Spain
GIRLING Julie ,@juliegirling,ECR,UK
GIUFFRIDA Michela ,@m_giuffrida,S&D,Italy
GLEZOS Emmanouil  ,,GUE,Greece
GODDYN Sylvie ,@Sylvie_Goddyn,NI (Front National),France
GOERENS Charles ,@CharlesGoerens,ALDE,Luxembourg
GOLLNISCH Bruno ,@brunogollnisch,NI (Front National),France
GOMES Ana ,@AnaGomesMEP,S&D,Portugal
GONZÁLEZ PEÑAS Tania ,@TaniaGonzalezPs,GUE/NGL,Spain
GONZÁLEZ PONS Esteban ,@gonzalezpons,EPP,Spain
GOSIEWSKA Beata Barbara ,@BeataGosiewska,ECR,Poland
GOULARD Sylvie ,@GoulardSylvie,ALDE,France
GRÓBARCZYK Marek Józef,,ECR,Germany
GRÄSSLE Ingeborg ,@inge_graessle,EPP,Germany
GRAAFF Marcel de ,@MJRLdeGraaff,NI (Partij voor de Vrijheid),Netherlands
GRAMMATIKAKIS Giorgos  ,,S&D,Greece
GRANDES PASCUAL Luis de  ,,EPP,Spain
GRAPINI Maria  ,,S&D,Romania
GRIESBECK Nathalie,@ngriesbeck,ALDE,France
GRIFFIN Theresa ,@TheresaG_EU,S&D,UK
GRIGULE Iveta ,@IvetaGrigule,EFDD,Latvia
GROOTE Matthias ,@Groote,S&D,Germany
GROSSETÊTE Françoise,@GrosseteteF,EPP,France
GRZYB Andrzej ,@GrzybAndrzej,EPP,Poland
GUALTIERI Roberto ,@gualtierieurope,S&D,Italy
GUERRERO SALOM Enrique  ,,S&D,Spain
GUILLAUME Sylvie ,@sylvieguillaume,S&D,France
GUOGA Antanas ,@TonyGuoga,ALDE,Lithuania
GUTELAND Jytte ,@JytteGuteland,S&D,Sweden
GUTIÉRREZ  PRIETO Sergio ,@Sergio_GP,S&D,Spain
GYÜRK András,,EPP,Hungary
HÄNDEL Thomas ,@thaendel,GUE,Germany
HÄUSLING Martin ,@MartinHaeusling,Greens,Germany
HADJIGEORGIOU Takis ,@thadjigeorgiou,GUE,Cyprus
HÖKMARK Gunnar ,@ghokmark,EPP,Sweden
HALLA AHO Jussi ,@Halla_aho,ECR ,Finland
HÖLVÉNYI György,,EPP,Hungary
HANNAN Daniel ,@DanHannanMEP,ECR,UK
HÜBNER Danuta Maria ,@danutahuebner,EPP,Poland
HARKIN Marian ,@MarianHarkin,ALDE,Ireland
HARMS Rebecca ,@RebHarms,Greens,Germany
HAUTALA Heidi ,@HeidiHautala,Greens,Finland
HAYES Brian  ,@brianhayesMEP,EPP,Ireland
HAZEKAMP Anja ,@anjahazekamp,GUE,Netherlands
HEDH Anna q,@AnnaHedh,S&D,Sweden
HELLVIG Eduard Raul ,@EduardHellvig1,EPP,Romania
HELMER Roger ,@RogerHelmerMEP,EFDD,UK
HENKEL Hans Olaf ,@HansOlafHenkel,ECR,Germany
HERRANZ  GARCÍA Esther  ,,EPP,Spain
HETMAN Krzysztof  ,,EPP,Poland
HEUBUCH Maria  ,,Greens,Germany
HOFFMANN Iris  ,,S&D,Germany
HOHLMEIER Monika  ,@MonikaHohlmeier,EPP,Germany
HONEYBALL Mary ,@maryhoneyball,S&D,UK
HOOKEM Mike  ,,EFDD,UK
HORTEFEUX Brice ,@BriceHortefeux,EPP,France
HOWITT Richard ,@richardhowitt,S&D,UK
HUDGHTON Ian ,@hudghtonmepSNP,Greens,UK
HUITEMA Jan ,@jhuitema,ALDE,Netherlands
HYUSMENOVA Filiz  ,,ALDE,Bulgaria
IDE Louis ,@louis_ide,ECR,Belgium
IGLESIAS Pablo ,@Pablo_Iglesias_,GUE,Spain
IN 'T VELD Sophia ,@SophieintVeld,ALDE,Netherlands
IOTOVA Iliana ,@IIotova,S&D,Bulgaria
IVAN Cătălin Sorin ,@Catalin_Ivan,S&D,Romania
IWASZKIEWICZ Robert Jarosław,,EFDD,Poland
JÄÄTTEENMÄKI Anneli ,@jaatteenmaki,ALDE,Finland
JÁUREGUI ATONDO Ramón,,S&D,Spain
JÁVOR Benedek ,@javorbenedek,Greens,Hungary
JAAKONSAARI Liisa ,@Jaakonsaari,S&D,Finland
JACKIEWICZ Dawid Bohdan ,@DawidJackiewicz,ECR,Poland
JADOT Yannick ,@yannickjadot,Greens,France
JAHR Peter  ,,EPP,Germany
JAKOVČIĆ Ivan ,@IvanJakovcic,ALDE,Croatia
JALKH Jean François,,NI (Front National),France
JAMES Diane ,@DianeUKIP,EFDD,UK
JANSEN Hans  ,,NI (Partij voor de Vrijheid),Netherlands
JAZŁOWIECKA Danuta,@DJazlowiecka,EPP,Poland
JEŽEK Petr  ,@JezekCZ,ALDE,Czech Republic
JIMÉNEZ-BECERRIL BARRIO Teresa ,@TeresaJBecerril,EPP,Spain
JOLY Eva ,@EvaJoly,Greens,France
JONG Dennis Cornelius de ,@DdJong,GUE,Netherlands
JONGERIUS Agnes ,@a_jongerius,S&D,Netherlands
JOULAUD Marc ,@MarcJoulaud,EPP,France
JUARISTI ABAUNZ Iosu  ,,GUE,Spain
JUREK Marek ,@marekjurek,ECR,Poland
JUVIN Philippe ,@philippejuvin,EPP,France
KÓSA Ádám,@adamkosamep,EPP,Hungary
KADENBACH Karin ,@karinkadenbach,S&D,Austria
KAILI Eva ,@EvaKaili,S&D,Greece
KALINOWSKI Jarosław,,EPP,Poland
KALLAS Kaja ,@kajakallas,ALDE,Estonia
KÖLMEL Bernd  ,,ECR,Germany
KALNIETE Sandra ,@Kalniete,EPP,Latvia
KAMALL Syed ,@SyedKamall,ECR,UK
KAMMEREVERT Petra  ,,S&D,Germany
KAPPEL Barbara  ,,NI (Freiheitliche Partei Osterreichs),Austria
KARAS Othmar ,@othmar_karas,EPP,Austria
KARI Rina Ronja ,@rinakari,GUE,Denmark
KARIŅŠ Krišjānis,@krisjaniskarins,EPP,Latvia
KARIM Sajjad ,@SHKMEP,ECR,UK
KARLSSON Rikke  ,,ECR,Denmark
KARSKI Karol Adam  ,,ECR,Poland
KÖSTER Dietmar  ,,S&D,Germany
KÖSTINGER Elisabeth ,@ElliKoestinger,EPP,Austria
KATROUGKALOS Georgios ,@gkatr,GUE,Greece
KAUFMANN Sylvia Yvonne ,@KaufmannSylvia,S&D,Germany
KEFALOGIANNIS Manolis ,@MKefaloyannis,EPP,Greece
KELAM Tunne  ,,EPP,Estonia
KELLER Jan  ,,S&D,Czech Republic
KELLER Ska ,@SkaKeller,Greens,Germany
KELLY Seán,@SeanKellyMEP,EPP,Ireland
KHAN Afzal ,@akhanmep,S&D,UK
KIRKHOPE Timothy ,@TimKirkhopeMEP,ECR,UK
KIRTON DARLING Jude ,@Jude_KD,S&D,UK
KOCH Dieter Lebrecht  ,,EPP,Germany
KOFOD Jeppe ,@JeppeKofod,S&D,Denmark
KONEČNÁ Kateřina,@Konecna_K,GUE,Czech Republic
KORWIN MIKKE Janusz Ryszard ,@korwinmikke,NI (Kongres Nowej Prawicy),Poland
KOVÁCS Béla ,,NI (Jobbik Magyarorszagert Mozgalom),Hungary
KOVATCHEV Andrey ,@andreykovatchev,EPP,Bulgaria
KOZŁOWSKA RAJEWICZ Agnieszka ,@RajewiczBlog,EPP,Poland
KRASNODĘBSKI Zdzisław,@ZdzKrasnodebski,ECR,Poland
KREHL Constanze ,@ConstanzeKrehl,S&D,Germany
KUŹMIUK Zbigniew Krzysztof ,@ZbigniewKuzmiuk,ECR,Poland
KUDRYCKA Barbara ,@BarbaraKudrycka,EPP,Poland
KUHN Werner ,@WernerKuhnMdEP,EPP,Germany
KUKAN Eduard ,@EduardKukan,EPP,Slovakia
KUMPULA NATRI Miapetra ,@miapetrakumpula,S&D,Finland
KUNEVA Kostadinka  ,,GUE ,Greece
KYENGE Kashetu ,@ckyenge,S&D,Italy
KYLLÖNEN Merja  ,,GUE,Finland
KYRKOS Miltiadis  ,,S&D,Greece
KYRTSOS Georgios ,@GiorgosKyrtsos,EPP,Greece
KYUCHYUK Ilhan ,@ilhankyuchyuk,ALDE,Bulgaria
LA VIA Giovanni ,@giovannilavia,EPP,Italy
LÓPEZ AGUILAR Juan Fernando ,@JFLopezAguilar,S&D,Spain
LÓPEZ Javier ,@fjavilopez,S&D,Spain
LÓPEZ-ISTÚRIZ WHITE Antonio ,@TonoEPP,EPP,Spain
LÓPEZ BERMEJO Paloma ,@palomalopezB,GUE,Spain
LAMASSOURE Alain ,@ALamassoure,EPP,France
LAMBERT Jean ,@GreenJeanMEP,Greens ,UK
LAMBERTS Philippe ,@ph_lamberts,Greens ,Belgium
LAMBSDORFF Alexander Graf ,@Lambsdorff,ALDE,Germany
LANDSBERGIS Gabrielius  ,@GLandsbergis,EPP,Lithuania
LANGE Bernd ,@berndlange,S&D,Germany
LANGE Esther de ,@Esther_de_Lange,EPP,Netherlands
LANGEN Werner ,@langen_werner,EPP,Germany
LÖSING Sabine  ,,GUE,Germany
LAURISTIN Marju  ,,S&D,Estonia
LAVRILLEUX Jérôme,@jlavrilleux,EPP,France
LE GRIP Constance ,@clegrip,EPP,France
LE HYARIC Patrick ,@PatrickLeHyaric,GUE,France
LE PEN Jean Marie ,@lepenjm,NI (Front National),France
LE PEN Marine ,@MLP_officiel,NI (Front National),France
LEBRETON Gilles ,@Gilles_Lebreton,NI (Front National),France
LEGUTKO Ryszard Antoni  ,,ECR,Poland
LEICHTFRIED Jörg,@jleichtfried,S&D,Austria
LEINEN Jo ,@JoLeinen,S&D,Germany
LENAERS Jeroen ,@jeroen_lenaers,EPP,Netherlands
LEWANDOWSKI Janusz ,@J_Lewandowski,EPP,Poland
LEWER Andrew  ,,ECR,UK
LIBERADZKI Bogusław,@BLiberadzki,S&D,Poland
LIESE Peter ,@peterliese,EPP,Germany
LIETZ Arne ,@ArneLietz,S&D,Germany
LINS Norbert  ,,EPP,Germany
LOCHBIHLER Barbara ,@blochbihler,Greens ,Germany
LOISEAU Philippe  ,,NI (Front National),France
LOPE FONTAGNÉ Verónica,,EPP,Spain
LUCKE Bernd ,@BerndLucke,ECR,Germany
LUDVIGSSON Olle ,@olleludvigsson,S&D,Sweden
ŁUKACIJEWSKA Elżbieta Katarzyna,,EPP,Poland
LUNACEK Ulrike ,@UlrikeLunacek,Greens ,Austria
LUNDGREN Peter  ,,EFDD,Sweden
LYBACKA Krystyna Maria ,@KrystynaLybacka,S&D,Poland
MĂNESCU Ramona Nicole  ,,EPP,Romania
MÉLENCHON Jean Luc ,@JLMelenchon,GUE,France
MÉLIN Joëlle,@JoelleMelinFN,NI (Front National),France
MAŠTÁLKA Jiří,,GUE/NGL,Czech Republic
MAŇKA  Vladimír,,S&D,Slovakia
MACH Petr ,@MachCZ,EFDD,Czech Republic
MACOVEI Monica Luisa ,@MonicaMacovei1,EPP,Romania
MAEIJER Vicky  ,,NI (Partij voor de Vrijheid),Netherlands
MALETIĆ Ivana ,@MaleticIvana,EPP,Croatia
MALINOV Svetoslav Hristov  ,,EPP,Bulgaria
MALTESE Curzio ,@curziomaltesetw,GUE,Italy
MAMIKINS Andrejs  ,,S&D,Latvia
MANN Thomas  ,,EPP,Germany
MANSCOUR Louis Joseph  ,,S&D,France
MÜLLER Ulrike ,@UliMuellerMdEP,ALDE,Germany
MARAGALL Ernest ,@ernestmaragall,Greens,Spain
MARIAS Notis ,@Notis_Marias,ECR,Greece
MARINESCU Marian Jean ,@MarianMarinescu,EPP,Romania
MARINHO E PINTO António,@marinhoepinto,ALDE,Portugal
MARTIN David ,@davidmartinmep,S&D,UK
MARTIN Dominique  ,,NI (Front National),France
MARTIN Edouard ,@edouardmartinEU,S&D,France
MARTUSCIELLO Fulvio ,@fulviomartuscie,EPP,Italy
MARUSIK Michał,,NI (Kongres Nowej Prawicy),Poland
MATERA Barbara  ,@materabarbara,EPP,Italy
MATIAS Marisa ,@mmatias_,GUE,Portugal
MATO Gabriel ,@GabrielMatoA,EPP,Spain
MAURA BARANDIARÁN Fernando ,@FMauraB,ALDE,Spain
MAUREL Emmanuel ,@emmanuelmaurel,S&D,France
MAVRIDES Costas  ,,S&D,Cyprus
MAYER Georg  ,,NI (Freiheitliche Partei Osterreichs),Austria
MAZURONIS Valentinas  ,,EFDD,Lithuania
McALLISTER David ,@davidmcallister,EPP,Germany
McAVAN Linda ,@LindaMcAvanMEP,S&D,UK
McCLARKIN Emma ,@EmmaMcClarkin,ECR,UK
McGUINNESS Mairead ,@MaireadMcGMEP,EPP,Ireland
McINTYRE Anthea ,@anthea_mcintyre,ECR,UK
MEISSNER Gesine ,@gesine_meissner,ALDE,Germany
MELIOR Susanne  ,,S&D,Germany
MELO Nuno  ,@NunoMeloCDS,EPP,Portugal
MESSERSCHMIDT Morten ,@MrMesserschmidt,ECR,Denmark
MESZERICS Tamás,@MeszericsT,Greens,Hungary
METSOLA Roberta ,@RobertaMetsola,EPP,Malta
MICHEL Louis  ,@LouisMichelMR,ALDE,Belgium
MICHELS Martina  ,,GUE,Germany
MIHAYLOVA Iskra  ,,ALDE,Bulgaria
MIKOLÁŠIK Miroslav ,@miromikolasik,EPP,Slovakia
MILLÁN MON Francisco José,,EPP,Spain
MILTENBURG Matthijs van ,@MatthijsvMilt,ALDE,Netherlands
MINEUR Anne Marie ,@AnneMarieMineur,GUE,Netherlands
MIZZI Marlene ,@MarleneMizzi,S&D,Malta
MLINAR Angelika ,@AngelikaMlinar,ALDE,Austria
MOI Giulia  ,,EFDD,Italy
MOISĂ Sorin,,S&D,Romania
MOLNÁR Csaba  ,,S&D,Hungary
MONOT Bernard ,@bernard_monot,NI (Front National),France
MONTEIRO DE AGUIAR Cláudia,@cmonteiroaguiar,EPP,Portugal
MONTEL Sophie  ,,NI (Front National),France
MOODY Clare ,@ClareMMoody,S&D,UK
MORAES Claude ,@ClaudeMoraesMEP,S&D,UK
MORANO Nadine ,@nadine__morano,EPP,France
MORGANO Luigi  ,,S&D,Italy
MORIN CHARTIER Elisabeth ,@emorinchartier,EPP,France
MORVAI Krisztina  ,,NI (Jobbik Magyarorszagert Mozgalom),Hungary
MOSCA Alessia Maria ,@alessiamosca,S&D,Italy
MUREȘAN Siegfried ,@SMuresan,EPP,Romania
MUSELIER Renaud ,@RenaudMuselier,EPP,France
MUSSOLINI Alessandra ,@Ale_Mussolini_,EPP,Italy
NÍ RIADA Liadh ,@anpreachan,GUE,Ireland
NAGY József,,EPP,Slovakia
NART Javier ,@JavierNart,ALDE,Spain
NEGRESCU Victor ,@negrescuvictor,S&D,Romania
NEKOV Momchil  ,@momchilnekov,S&D,Bulgaria
NEUSER Norbert  ,,S&D,Germany
NICA Dan  ,,S&D,Romania
NICHOLSON James ,@JNicholsonMEP,ECR,UK
NICOLAI Norica  ,,ALDE,Romania
NIEBLER Angelika ,@ANiebler,,Germany
NIEDERMÜLLER Péter,@Niedemueller,S&D,Hungary
NIEDERMAYER Luděk,@LudekNie,EPP,Czech Republic
NIEUWENHUIZEN Cora van ,@CvNieuwenhuizen,ALDE,Netherlands
NILSSON Jens  ,,S&D,Sweden
NISTERLROOIJ Lambert van ,@LvNistelrooij,EPP,Netherlands
NOICHL Maria  ,,S&D,Germany
NUTTALL Paul ,@PaulNuttallMEP,EFDD,UK
OŻÓG Stanisław,@biuroposelskie,ECR,Poland
OBERMAYR Franz ,@franzobermayr,NI (Freiheitliche Partei Osterreichs),Austria
O'FLYNN Patrick ,@oflynnmep,EFDD,UK
OLBRYCHT Jan Marian ,@JanOlbrycht,EPP,Poland
OMARJEE Younous ,@younousomarjee,GUE,France
PAȘCU Ioan Mircea ,@ioanmirceapascu,S&D,Romania
PABRIKS Artis ,@Pabriks,EPP,Latvia
PAGAZAURTUNDÚA RUIZ Maite  ,,ALDE,Spain
PAKSAS Rolandas ,@RolandasPaksas,EFDD,Lithuania
PANZERI Pier Antonio ,@AntonioPanzeri,S&D,Italy
PAOLUCCI Massimo ,@MassimoPaolucc6,S&D,Italy
PAPADAKIS Demetris ,@DemPapadakis,S&D,Cyprus
PAPADAKIS Konstantinos  ,,NI (Communist Party of Greece),Greece
PAPADIMOULIS Dimitrios ,@papadimoulis,GUE,Greece
PARGNEAUX Gilles ,@gillespargneaux,S&D,France
PARKER Margot ,@MargotLJParker,EFDD,UK
PATRICIELLO Aldo ,@PatricielloAldo,EPP,Italy
PAULSEN Marit  ,,ALDE,Sweden
PAUNOVA Eva ,@evapaunova,EPP,Bulgaria
PEDICINI Piernicola ,@PiernicolaM5S,EFDD,Italy
PEILLON Vincent ,@Vincent_Peillon,S&D,France
PETERLE Alojz ,@lojzepeterle,EPP,Slovenia
PETERSEN Morten Helveg ,@mortenhelveg,ALDE,Denmark
PETIR Marijana  ,,EPP,Croatia
PHILIPPOT Florian ,@f_philippot,NI (Front National),France
PICIERNO Giuseppina  ,@pinapic,S&D,Italy
PICULA Tonino ,@TPicula,S&D,Croatia
PIECHA Bolesław Grzegorz  ,,ECR,Poland
PIEPER Markus  ,,EPP,Germany
PIETIKÄINEN Sirpa ,@spietikainen,EPP,Finland
PIOTROWSKI Mirosław,,ECR,Poland
PIRI Kati ,@KatiPiri,S&D,Netherlands
PIRINSKI Georgi  ,,S&D,Bulgaria
PITERA Julia  ,,EPP,Poland
PITTELLA Gianni ,@giannipittella,S&D,Italy
PLENKOVIĆ Andrej ,@AndrejPlenkovic,EPP,Croatia
PLURA Marek Mirosław  ,,EPP,Poland
POC Pavel ,@pavelpoc,S&D,Czech Republic
POCHE Miroslav ,@MiroslavPoche,S&D,Czech Republic
POGLIESE Salvatore Domenico ,@SalvoPogliese,EPP,Italy
POLČÁK Stanislav ,@stanislavpolcak,EPP,Czech Republic
PONGA Maurice ,@mauriceponga,EPP,France
PORĘBA Tomasz Piotr ,@TomaszPoreba,ECR,Poland
POSPÍŠIL Jiří,@Pospisil_Jiri,EPP,Czech Republic
POST Soraya ,@SorayaPostFi,S&D,Sweden
PREDA Cristian Dan ,@CDPreda,Greens,Germany
PRETZELL Marcus ,@MarcusPretzell,ECR,Germany
PREUSS Gabriele  ,,S&D,Germany
PROUST Franck ,@franckproust,EPP,France
QUISTHOUDT ROWOHL Godelieve  ,,EPP,Germany
RADEV Emil  ,,EPP,Bulgaria
RADOŠ Jozo ,@jozorados,ALDE,Croatia
RANGEL Paulo ,@libertarofuturo,EPP,Portugal
RANSDORF Miloslav  ,,GUE,Czech Republic
RÜBIG Paul ,@PaulRuebig,EPP,Austria
REBEGA Constantin Laurențiu,,S&D,Romania
REDA Julia ,@Senficon,Greens,Germany
REDING Viviane ,@VivianeRedingEU,EPP,Luxembourg
REGNER Evelyn ,@Evelyn_Regner,S&D,Austria
REHN Olli ,@ollirehn,ALDE,Finland
REID Julia  ,,EFDD,UK
REIMON Michel ,@michelreimon,Greens,Austria
REINTKE Terry ,@TerryReintke,Greens,Germany
REUL Herbert ,@hreul,EPP,Germany
REVAULT D'ALLONNES BONNEFOY Christine ,@cdallonnes,S&D,France
RIBEIRO Sofia  ,,EPP,Portugal
RIES Frédérique,@Frederiqueries,ALDE,Belgium
RIQUET Dominique ,@DominiqueRiquet,ALDE,France
RIVASI Michèle,@MicheleRivasi,Green,France
ROCHEFORT Robert ,@robertrochefort,ALDE,France
RODRÍGUEZ-PIÑERO FERNÁNDEZ Inmaculada ,@RodriguezPinero,S&D,Spain
RODRIGUES Liliana  ,,S&D,Portugal
RODRIGUES Maria João,,GUE,Spain
RODRIGUEZ RUBIO Teresa,@TeresaRodr_,GUE/NGL,Spain
RODUST Ulrike ,@UlrikeRodust,S&D,Germany
ROHDE Jens ,@rohde_jens,ALDE,Denmark
ROLIN Claude  ,@clauderolin,EPP,Belgium
ROPĖ Bronis  ,,Greens,Lithuania
ROSATI Dariusz ,@DariuszRosati,EPP,Poland
ROZIÈRE Virginie ,@VRoziere,S&D,France
RUAS Fernando  ,,EPP,Portugal
SÂRBU Daciana Octavia ,@DacianaSarbu,S&D,Romania
SÓGOR Csaba  ,,EPP,Romania
SÁNCHEZ CALDENTEY Lola ,@LolaPodemos,GUE,Spain
SAÏFITokia ,@TokiaSaifi,EPP,France
SAKORAFA Sofia ,@SofiaSakorafa,GUE,Greece
SALINI Massimiliano ,@MaxSalini,EPP,Italy
SALVINI Matteo  ,,NI (Lega Nord),Italy
SANDER Anne  ,@ASanderMEP,EPP,France
SANT Alfred ,@SantAlfred,S&D,Malta
SARGENTINI Judith ,@judithineuropa,Greens ,Netherlands
SARVAMAA Petri ,@petrisarvamaa,EPP,Finland
SARYUSZ WOLSKI Jacek ,@JSaryuszWolski,EPP,Poland
SASSOLI David Maria ,@DavidSassoli,S&D,Italy
SAUDARGAS Algirdas ,@Saudargas,EPP,Lithuania
SCHAAKE Marietje ,@MarietjeSchaake,ALDE ,Netherlands
SCHAFFHAUSER Jean Luc ,@JLSchaffhauser,NI (Rassemblement bleu Marine),France
SCHALDEMOSE Christel ,@SchaldemoseMEP,S&D,Denmark
SCHÖPFLIN György,@schopflinMEP ,EPP,Hungary
SCHLEIN Elena Ethel  ,,S&D,Italy
SCHMIDT Claudia  ,@Schmidt_Clau,EPP,Austria
SCHOLZ Helmut  ,,GUE,Germany
SCHREIJER PIERIK Annie ,@AnnieSchreijer ,EPP,Netherlands
SCHULZ Martin ,@MartinSchulz ,S&D,Germany
SCHULZE Sven ,@schulzeeuropa ,EPP,Germany
SCHUSTER Joachim  ,,S&D,Germany
SCHWAB Andreas ,@Andreas_Schwab,EPP,Germany
SCOTT CATO Molly ,@MollyScottCato,Greens,UK
SEBASTIÀ Jordi ,@Sebastia_Jordi,Greens,Spain
SEHNALOVÁ Olga ,@OlgaSehnalova,S&D,Czech Republic
SENRA RODRÍGUEZ Lidia ,@LidiaSenra,GUE,Spain
SERNAGIOTTO Remo ,@SernagiottoRemo,EPP,Italy
SERRÃO SANTOS Ricardo  ,,S&D,Portugal
SEYMOUR Jill ,@JSeymourUKIP,EFDD,UK
SIEKIERSKI Czesław Adam ,@CzSiekierski,EPP,Poland
SILVA PEREIRA Pedro  ,,S&D,Portugal
SIMON Peter ,@PeterSimonMEP,S&D,Germany
SIMON Sion ,@sionsimon,S&D,UK
SIPPEL Birgit ,@BirgitSippelMEP,S&D,Germany
SKRIPEK Branislav  ,@BranoSkripek,ECR,Poland
SKRLEC Davor  ,@DavorSkrlec,Greens,Croatia
SMITH Alyn ,@AlynSmithMEP,Greens ,UK
SMOLKOVÁ Monika ,@SmolkovaMonika,S&D,Slovakia
ŠOJDROVÁ Michaela  ,,EPP,Czech Republic
SOLTES Igor  ,,Greens,Slovenia
SOMMER Renate  ,,EPP,Germany
SONNEBORN Martin ,@MartinSonneborn,NI (Die Partei),Germany
SORU Renato ,@renatosoru,S&D,Italy
SPINELLI Barbara  ,,GUE,Italy
SPYRAKI Maria ,@MariaSpyraki,EPP,Greece
STAES Bart ,@BartStaes,Greens ,Belgium
STANISHEV Sergei,@SergeiStanishev,S&D,Bulgaria
STARBATTY Joachim  ,,ECR,Germany
ŠTĚTINA Jaromír,@JaroDinoStetina,EPP,Czech Republic
STEFANEC Ivan ,@IvanStefanec,EPP,Slovakia
STEINRUCK Jutta ,@JuttaSteinruck,S&D,Germany
STEVENS Helga ,@StevensHelga,ECR,Belgium
STIER Davor Ivo ,@davorstier,EPP,Croatia
STIHLER Catherine ,@C_Stihler_MEP,S&D,UK
STOLOJAN Theodor Dumitru  ,,EPP,Romania
STORCH Beatrix von  ,@Beatrix_vStorch,ECR,Germany
STUGER Olaf ,@OlafStuger,NI (Partij voor de Vrijheid),Netherlands
SUICA Dubravka ,@dubravkasuica,EPP,Croatia
SULÍK Richard ,@SulikRichard,ALDE,Slovakia
SULIN Patricija ,@PatricijaSulin,EPP,Slovenia
SVOBODA Pavel ,@1PavelSvoboda,EPP,Czech Republic
SWINBURNE Kay ,@ewrop2014,ECR,UK
SYLIKIOTIS Neoklis ,@sylikiotis,GUE,Cyprus
SYNADINOS Eleytherios  ,,NI (Popular Association -Golden Dawn),Greece
SZÁJER József,,EPP,Hungary
SZANYI Tibor ,@szanyitibor,S&D,Hungary
SZEJNFELD Adam ,@szejnfeld,EPP,Poland
TØRNÆS Ulla  ,,ALDE,Denmark
TĂNĂSESCU Claudiu Ciprian  ,,S&D,Romania
TŐKÉS László,,EPP,Hungary
TAJANI Antonio ,@Antonio_Tajani,EPP,Italy
TAMBURRANO Dario ,@tamburrano,EFDD,Italy
TANG Paul ,@paultang,S&D,Netherlands
TANNOCK Charles ,@CharlesTannock,ECR,UK
TAPARDEL Ana Claudia  ,,S&D,Romania
TARABELLA Marc ,@marctarabella,S&D,Belgium
TARAND Indrek ,@indrektarand,Greens,Estonia
TAYLOR Keith ,@GreenKeithMEP,Greens ,UK
TELIČKA Pavel ,@Telicka,ALDE,Czech Republic
TERHO Sampo ,@SampoTerho,ECR,Finland
TERRICABRAS Joseph Maria ,@jmterricabras,Greens,Spain
THEOCHAROUS Eleni ,@mep_theocharous,EPP,Cyprus
THEURER Michael ,@EUTheurer,ALDE,Germany
THOMAS Isabelle ,@Isabel_thomasEU,S&D,France
THUN UND HOHENSTEIN Róża Gräfin  von ,@rozathun,EPP,Poland
TOŠENOVSKÝ Evžen,,ECR,Czech Republic
TOIA Patrizia ,@toiapatrizia,S&D,Italy
TOMAŠEVSKI Valdemar  ,,ECR,Lithuania
TOMAŠIĆ Ruža,@RuzaTomasic,ECR,Croatia
TOMC Romana  ,,EPP,Slovenia
TOOM Yana  ,,ALDE,Estonia
TORVALDS Nils ,@NilsTorvalds,ALDE,Finland
TOTI Giovanni ,@GiovanniToti,EPP,Italy
TRÜPEL Helga,@HelgaTruepel,Greens ,Germany
TREBESIUS Ulrike  ,,ECR,Germany
TREMOSA i BALCELLS Ramon ,@ramontremosa,ALDE,Spain
TROSZCZYNSKI Mylène,@MyleneTroszczyn,NI (Front National),France
TURMES Claude  ,@Claude_Turmes,Greens ,Luxembourg
UJAZDOWSKI Kazimierz Michał,,ECR,Poland
UJHELYI István,,S&D,Hungary
ULVSKOG Marita ,@maritaulvskog,S&D,Sweden
UNGUREANU Traian ,@TraianUngureanu,EPP,Romania
URTASUN Ernest ,@ernesturtasun,Greens,Spain
URUTCHEV Vladimir  ,,EPP,Bulgaria
USPASKICH Viktor ,@ViktorUspaskich,ALDE,Lithuania
VĂLEAN Adina Ioana ,@AdinaValean,EPP,Romania
VÄYRYNEN Paavo ,@kokokansanpaavo,ALDE,Finland
VAJGL Ivo ,@ivajgl,ALDE,Slovenia
VALCÁRCEL Ramón Luis,,EPP,Spain
VALENCIANO Elena ,@ElenaValenciano,S&D,Spain
VALLI Marco ,@MarcoValliM5S,EFDD,Italy
VALLINA Ángela,@AngelaVallina,GUE,Spain
VAN BREMPT Kathleen ,@kvanbrempt,S&D,Belgium
VAN ORDEN Geoffrey  ,,ECR,UK
VAN OVERTVELDT Johan ,@jvanovertveldt,ECR ,Belgium
VANA Monika  ,,Greens,Austria
VAUGHAN Derek ,@derekvaughan,S&D,UK
VERGIAT Marie Christine ,@MCVergiat,GUE,France
VERHEYEN Sabine ,@sabineverheyen,EPP,Germany
VERHOFSTADT Guy ,@GuyVerhofstadt,ALDE,Belgium
VIEGAS Miguel  ,,GUE,Portugal
VILIMSKY Harald ,@vilimsky,NI (Freiheitliche Partei Osterreichs),Austria
VIOTTI Daniele ,@danieleviotti,S&D,Italy
VIRKKUNEN Henna ,@HennaVirkkunen,EPP,Finland
VISTISEN Anders Primdahl ,@AndersVistisen,ECR ,Denmark
VOIGT Udo ,@udovoigt,NI (Nationaldemokratische Partei Deutschlands),Germany
VOSS Axel ,@AxelVossMdEP,EPP,Germany
VOZEMBERG Elissavet ,@vozemberg,EPP,Greece
WAŁĘSA Jarosław,@WalesaMEP,EPP,Poland
WARD Julie ,@julie4nw,S&D,UK
WEBER Manfred ,@ManfredWeber,EPP,Germany
WEBER Renate ,@renateweber,ALDE,Romania
WEIDENHOLZER Josef ,@Weidenholzer,S&D,Austria
WEIZSÄCKER Jakob von   ,,S&D,Germany
WENTA Bogdan Brunon  ,,EPP,Poland
WERNER Martina  ,,S&D,Germany
WESTPHAL Kerstin ,@WestphalKerstin,S&D,Germany
WIŚNIEWSKA Jadwiga ,@j_wisniewska,ECR,Poland
WIELAND Rainer  ,,EPP,Germany
WIKSTRÖM Cecilia ,@CeciliaWikstrom,ALDE,Sweden
WILLMOTT Glenis ,@GlenisWillmott,S&D,UK
WINBERG Kristina ,@KristinaWinberg,EFDD,Sweden
WINKLER Hermann  ,,EPP,Germany
WINKLER Iuliu  ,,EPP,Romania
WOJCIECHOWSKI Janusz ,@jwojc,ECR,Poland
WOOLFE Steven ,@Steven_Woolfe,EFDD,UK
ŻÓŁTEK Stanisław,,NI (Kongres Nowej Prawicy),Poland
ZÁBORSKÁ Anna ,@AnnaZaborska,EPP,Slovakia
ZŁOTOWSKI Kosma Tadeusz  ,,ECR,Poland
ZĪLE Roberts ,@robertszile,ECR,Latvia
ZAGORAKIS Theodoros  ,,EPP,Greece
ZAHRADIL Jan ,@ZahradilJan,ECR ,Czech Republic
ZALA Boris  ,,S&D,Slovakia
ZALBA BIDEGAIN Pablo ,@PabloZalba,EPP,Spain
ZANNI Marco  ,,EFDD,Italy
ZANONATO Flavio ,@flaviozanonato,S&D,Italy
ZARIANOPOULOS Sotirios  ,,NI (Communist Party of Greece),Greece
ZDANOKA Tatjana ,@Tatjana_Zdanoka,Greens,Latvia
ZDECHOVSKÝ Tomáš,@TomZdechovsky,EPP,Czech Republic
ZDROJEWSKI Bogdan Andrzej ,@BZdrojewski,EPP,Poland
ZELLER Joachim ,@joachimzeller,EPP,Germany
ZEMKE Janusz ,@JanuszZemke,S&D,Poland
ZIMMER Gabriele ,@GabiZimmerMEP,GUE,Germany
ŽITŇANSKÁ Jana  ,,ECR,Slovakia
ZORRINHO Carlos ,@czorrinho,S&D,Portugal
ZUBER Inês Cristina  ,,GUE,Portugal
ZULLO Marco ,@MarcoZullo,EFDD,Italy
ZVER Milan ,@MilanZver,EPP,Slovenia
ZWIEFKA Tadeusz ,@TadeuszZwiefka,EPP,Poland
